,lon,lat,alt,time
0,-73.54273033328354,45.546093145385385,19.0,2019-05-31 12:45:22+00:00
1,-73.54276981204748,45.54612533189356,19.0,2019-05-31 12:45:23+00:00
2,-73.54286788031459,45.546116614714265,19.200000762939453,2019-05-31 12:45:24+00:00
3,-73.54291884228587,45.54613631218672,19.399999618530273,2019-05-31 12:45:25+00:00
4,-73.54296720586717,45.54616958834231,19.600000381469727,2019-05-31 12:45:26+00:00
5,-73.54303065687418,45.5462166108191,19.799999237060547,2019-05-31 12:45:27+00:00
6,-73.54308882728219,45.54623161442578,20.0,2019-05-31 12:45:28+00:00
7,-73.54316066019237,45.54623940959573,20.0,2019-05-31 12:45:29+00:00
8,-73.54323852807283,45.54624427109957,20.0,2019-05-31 12:45:30+00:00
9,-73.54333450086415,45.54632096551359,20.0,2019-05-31 12:45:31+00:00
10,-73.5434091836214,45.54633571766317,20.0,2019-05-31 12:45:32+00:00
11,-73.54348847642541,45.546338399872184,20.0,2019-05-31 12:45:33+00:00
12,-73.54352233931422,45.546366311609745,20.0,2019-05-31 12:45:34+00:00
13,-73.54360439814627,45.54638936184347,20.0,2019-05-31 12:45:35+00:00
14,-73.54366332292557,45.54640855640173,20.0,2019-05-31 12:45:36+00:00
15,-73.5437379218638,45.546470331028104,20.399999618530273,2019-05-31 12:45:37+00:00
16,-73.54381000623107,45.546481562778354,20.600000381469727,2019-05-31 12:45:38+00:00
17,-73.54387236759067,45.54649497382343,20.799999237060547,2019-05-31 12:45:39+00:00
18,-73.54393514804542,45.546505535021424,21.0,2019-05-31 12:45:40+00:00
19,-73.54399440810084,45.54650972597301,21.0,2019-05-31 12:45:41+00:00
20,-73.54405702091753,45.546478629112244,21.0,2019-05-31 12:45:42+00:00
21,-73.54410630650818,45.54644619114697,21.0,2019-05-31 12:45:43+00:00
22,-73.54415542446077,45.5464047845453,21.0,2019-05-31 12:45:44+00:00
23,-73.5441969987005,45.54635616950691,20.799999237060547,2019-05-31 12:45:45+00:00
24,-73.54423077777028,45.546299340203404,20.799999237060547,2019-05-31 12:45:46+00:00
25,-73.54426673613489,45.546242678537965,20.600000381469727,2019-05-31 12:45:47+00:00
26,-73.54430017992854,45.546186519786716,20.600000381469727,2019-05-31 12:45:48+00:00
27,-73.54433395899832,45.54612843319774,20.399999618530273,2019-05-31 12:45:49+00:00
28,-73.54436941444874,45.54607093334198,20.399999618530273,2019-05-31 12:45:50+00:00
29,-73.54440218769014,45.546015445142984,20.399999618530273,2019-05-31 12:45:51+00:00
30,-73.5444337874651,45.54596398025751,20.200000762939453,2019-05-31 12:45:52+00:00
31,-73.54445926845074,45.545916287228465,20.200000762939453,2019-05-31 12:45:53+00:00
32,-73.54448089376092,45.545870857313275,20.0,2019-05-31 12:45:54+00:00
33,-73.54448424652219,45.54582551121712,20.0,2019-05-31 12:45:55+00:00
34,-73.54447678662837,45.54578703828156,20.0,2019-05-31 12:45:56+00:00
35,-73.54447033256292,45.54574990645051,20.0,2019-05-31 12:45:57+00:00
36,-73.54447485879064,45.54571227170527,20.0,2019-05-31 12:45:58+00:00
37,-73.54449053294957,45.545672457665205,20.0,2019-05-31 12:45:59+00:00
38,-73.5445130802691,45.545628955587745,20.200000762939453,2019-05-31 12:46:00+00:00
39,-73.54454509913921,45.54558620788157,20.200000762939453,2019-05-31 12:46:01+00:00
40,-73.5445804707706,45.545540526509285,20.200000762939453,2019-05-31 12:46:02+00:00
41,-73.54461944662035,45.54549568332732,20.200000762939453,2019-05-31 12:46:03+00:00
42,-73.54466060176492,45.54545285180211,20.200000762939453,2019-05-31 12:46:04+00:00
43,-73.54470133781433,45.5454084277153,20.200000762939453,2019-05-31 12:46:05+00:00
44,-73.54473972693086,45.545361153781414,20.200000762939453,2019-05-31 12:46:06+00:00
45,-73.54477635584772,45.54531077854335,20.0,2019-05-31 12:46:07+00:00
46,-73.5448119789362,45.5452601518482,20.0,2019-05-31 12:46:08+00:00
47,-73.54484466835856,45.54521111771464,20.0,2019-05-31 12:46:09+00:00
48,-73.54487450793386,45.54516199976206,20.0,2019-05-31 12:46:10+00:00
49,-73.54490166530013,45.545114474371076,20.0,2019-05-31 12:46:11+00:00
50,-73.54492924176157,45.545069044455886,20.0,2019-05-31 12:46:12+00:00
51,-73.54495371691883,45.54502537474036,20.0,2019-05-31 12:46:13+00:00
52,-73.54497626423836,45.544983968138695,20.0,2019-05-31 12:46:14+00:00
53,-73.54500375688076,45.54494616575539,20.0,2019-05-31 12:46:15+00:00
54,-73.54504524730146,45.544913643971086,20.0,2019-05-31 12:46:16+00:00
55,-73.54509998112917,45.54488983936608,20.0,2019-05-31 12:46:17+00:00
56,-73.54516703635454,45.544882798567414,20.0,2019-05-31 12:46:18+00:00
57,-73.54524297639728,45.544893527403474,20.0,2019-05-31 12:46:19+00:00
58,-73.5453299805522,45.54493250325322,20.0,2019-05-31 12:46:20+00:00
59,-73.5454163979739,45.544963432475924,20.399999618530273,2019-05-31 12:46:21+00:00
60,-73.54550457559526,45.54499830119312,20.799999237060547,2019-05-31 12:46:22+00:00
61,-73.54558956809342,45.54503166116774,21.0,2019-05-31 12:46:23+00:00
62,-73.54566391557455,45.54505890235305,21.0,2019-05-31 12:46:24+00:00
63,-73.54573080316186,45.54508639499545,21.0,2019-05-31 12:46:25+00:00
64,-73.5457943379879,45.545109612867236,21.0,2019-05-31 12:46:26+00:00
65,-73.54585535824299,45.54512805305421,21.0,2019-05-31 12:46:27+00:00
66,-73.5459201503545,45.54514892399311,21.0,2019-05-31 12:46:28+00:00
67,-73.54598452337086,45.5451718904078,21.0,2019-05-31 12:46:29+00:00
68,-73.54605467990041,45.545197539031506,21.399999618530273,2019-05-31 12:46:30+00:00
69,-73.5461294464767,45.54522310383618,21.600000381469727,2019-05-31 12:46:31+00:00
70,-73.54620639234781,45.54524858482182,22.0,2019-05-31 12:46:32+00:00
71,-73.54628241620958,45.54527582600713,22.0,2019-05-31 12:46:33+00:00
72,-73.54636154137552,45.54530424065888,22.0,2019-05-31 12:46:34+00:00
73,-73.54644821025431,45.54533215239644,22.0,2019-05-31 12:46:35+00:00
74,-73.54653043672442,45.54536283016205,22.0,2019-05-31 12:46:36+00:00
75,-73.54661291465163,45.545390071347356,22.0,2019-05-31 12:46:37+00:00
76,-73.5467026848346,45.54541571997106,22.399999618530273,2019-05-31 12:46:38+00:00
77,-73.5467875096947,45.54544438607991,22.799999237060547,2019-05-31 12:46:39+00:00
78,-73.54686805978417,45.54546986706555,23.0,2019-05-31 12:46:40+00:00
79,-73.54692882858217,45.545497024431825,23.0,2019-05-31 12:46:41+00:00
80,-73.54699278250337,45.54551764391363,23.0,2019-05-31 12:46:42+00:00
81,-73.54705011472106,45.54553750902414,23.0,2019-05-31 12:46:43+00:00
82,-73.54710350744426,45.54555645212531,23.0,2019-05-31 12:46:44+00:00
83,-73.54715455323458,45.54557606577873,23.0,2019-05-31 12:46:45+00:00
84,-73.54719629511237,45.545600624755025,23.0,2019-05-31 12:46:46+00:00
85,-73.54723518714309,45.54562300443649,23.0,2019-05-31 12:46:47+00:00
86,-73.54728103615344,45.54563784040511,23.0,2019-05-31 12:46:48+00:00
87,-73.5473240353167,45.545653346925974,23.0,2019-05-31 12:46:49+00:00
88,-73.54736401699483,45.54566977545619,23.0,2019-05-31 12:46:50+00:00
89,-73.54740609414876,45.545683270320296,23.0,2019-05-31 12:46:51+00:00
90,-73.54744683019817,45.54569768719375,23.0,2019-05-31 12:46:52+00:00
91,-73.54748714715242,45.54571721702814,23.0,2019-05-31 12:46:53+00:00
92,-73.54754079133272,45.54573632776737,23.0,2019-05-31 12:46:54+00:00
93,-73.54760239832103,45.54575426504016,23.0,2019-05-31 12:46:55+00:00
94,-73.54768437333405,45.54576298221946,23.0,2019-05-31 12:46:56+00:00
95,-73.54775570333004,45.54578460752964,23.0,2019-05-31 12:46:57+00:00
96,-73.54782795533538,45.54580807685852,23.0,2019-05-31 12:46:58+00:00
97,-73.54790188372135,45.54583003744483,23.399999618530273,2019-05-31 12:46:59+00:00
98,-73.54797514155507,45.545849818736315,23.600000381469727,2019-05-31 12:47:00+00:00
99,-73.5480529256165,45.54587211459875,23.799999237060547,2019-05-31 12:47:01+00:00
100,-73.54813473299146,45.545891895890236,24.0,2019-05-31 12:47:02+00:00
101,-73.54820933192968,45.545910419896245,24.0,2019-05-31 12:47:03+00:00
102,-73.5482778120786,45.54592341184616,24.0,2019-05-31 12:47:04+00:00
103,-73.54833497665823,45.54593347012997,24.0,2019-05-31 12:47:05+00:00
104,-73.54837512597442,45.54594009183347,24.0,2019-05-31 12:47:06+00:00
105,-73.54840655811131,45.545941684395075,24.0,2019-05-31 12:47:07+00:00
106,-73.5484503954649,45.54592919535935,24.0,2019-05-31 12:47:08+00:00
107,-73.54850026778877,45.54591544903815,24.0,2019-05-31 12:47:09+00:00
108,-73.54855047538877,45.54586482234299,24.0,2019-05-31 12:47:10+00:00
109,-73.5485954862088,45.54581193253398,24.0,2019-05-31 12:47:11+00:00
110,-73.54864125140011,45.54575376212597,24.0,2019-05-31 12:47:12+00:00
111,-73.54868567548692,45.54568980820477,24.0,2019-05-31 12:47:13+00:00
112,-73.54872649535537,45.54562761448324,24.0,2019-05-31 12:47:14+00:00
113,-73.54876907542348,45.545562990009785,24.0,2019-05-31 12:47:15+00:00
114,-73.54881148785353,45.54549819789827,24.0,2019-05-31 12:47:16+00:00
115,-73.54885130189359,45.54543214850128,24.0,2019-05-31 12:47:17+00:00
116,-73.5488875117153,45.54536484181881,24.0,2019-05-31 12:47:18+00:00
117,-73.54892590083182,45.54529803805053,24.0,2019-05-31 12:47:19+00:00
118,-73.54896345175803,45.545230228453875,24.0,2019-05-31 12:47:20+00:00
119,-73.54900167323649,45.54516208358109,24.0,2019-05-31 12:47:21+00:00
120,-73.54904215782881,45.54509318433702,24.0,2019-05-31 12:47:22+00:00
121,-73.54908482171595,45.54502587765455,24.0,2019-05-31 12:47:23+00:00
122,-73.54913000017405,45.54495924152434,24.0,2019-05-31 12:47:24+00:00
123,-73.54916755110025,45.5448972992599,24.0,2019-05-31 12:47:25+00:00
124,-73.54919864796102,45.54484239779413,24.0,2019-05-31 12:47:26+00:00
125,-73.54922404512763,45.54479428566992,24.0,2019-05-31 12:47:27+00:00
126,-73.5492480173707,45.544757321476936,24.0,2019-05-31 12:47:28+00:00
127,-73.54927358217537,45.54472136311233,24.0,2019-05-31 12:47:29+00:00
128,-73.54929302819073,45.544682471081614,24.0,2019-05-31 12:47:30+00:00
129,-73.54931423440576,45.544632682576776,24.0,2019-05-31 12:47:31+00:00
130,-73.54934038594365,45.544575015082955,24.0,2019-05-31 12:47:32+00:00
131,-73.54937282390893,45.54451609030366,23.799999237060547,2019-05-31 12:47:33+00:00
132,-73.54941129684448,45.54445607587695,23.799999237060547,2019-05-31 12:47:34+00:00
133,-73.54944951832294,45.544396229088306,23.600000381469727,2019-05-31 12:47:35+00:00
134,-73.54948924854398,45.544333113357425,23.600000381469727,2019-05-31 12:47:36+00:00
135,-73.54953258298337,45.544268153607845,23.399999618530273,2019-05-31 12:47:37+00:00
136,-73.54957499541342,45.54420034401119,23.399999618530273,2019-05-31 12:47:38+00:00
137,-73.54961506091058,45.54413194768131,23.600000381469727,2019-05-31 12:47:39+00:00
138,-73.54964649304748,45.5440669041127,23.600000381469727,2019-05-31 12:47:40+00:00
139,-73.5496830381453,45.544001776725054,23.799999237060547,2019-05-31 12:47:41+00:00
140,-73.54972436092794,45.54393706843257,24.0,2019-05-31 12:47:42+00:00
141,-73.54976342059672,45.54387403652072,23.799999237060547,2019-05-31 12:47:43+00:00
142,-73.54980264790356,45.54380966350436,23.600000381469727,2019-05-31 12:47:44+00:00
143,-73.5498471558094,45.54374587722123,23.399999618530273,2019-05-31 12:47:45+00:00
144,-73.54988604784012,45.54368167184293,23.200000762939453,2019-05-31 12:47:46+00:00
145,-73.54991622269154,45.54362383671105,23.0,2019-05-31 12:47:47+00:00
146,-73.54994446970522,45.54357538931072,23.0,2019-05-31 12:47:48+00:00
147,-73.54996173642576,45.54353783838451,23.0,2019-05-31 12:47:49+00:00
148,-73.54997732676566,45.543506909161806,23.0,2019-05-31 12:47:50+00:00
149,-73.54999308474362,45.54347237572074,23.0,2019-05-31 12:47:51+00:00
150,-73.55000917799771,45.543433567509055,23.0,2019-05-31 12:47:52+00:00
151,-73.55003130622208,45.54339182563126,23.0,2019-05-31 12:47:53+00:00
152,-73.55005318298936,45.54334748536348,23.0,2019-05-31 12:47:54+00:00
153,-73.55008277110755,45.54329702630639,23.0,2019-05-31 12:47:55+00:00
154,-73.55011705309153,45.543243046849966,23.0,2019-05-31 12:47:56+00:00
155,-73.55015041306615,45.54318613372743,23.0,2019-05-31 12:47:57+00:00
156,-73.55018134228885,45.543128130957484,23.0,2019-05-31 12:47:58+00:00
157,-73.55021436698735,45.543069541454315,23.0,2019-05-31 12:47:59+00:00
158,-73.5502546839416,45.543007012456656,23.0,2019-05-31 12:48:00+00:00
159,-73.55029558762908,45.54294356144965,23.0,2019-05-31 12:48:01+00:00
160,-73.55033196508884,45.542879020795226,23.0,2019-05-31 12:48:02+00:00
161,-73.55037370696664,45.54281271994114,23.200000762939453,2019-05-31 12:48:03+00:00
162,-73.55041419155896,45.542746586725116,23.399999618530273,2019-05-31 12:48:04+00:00
163,-73.55045601725578,45.54267793893814,23.600000381469727,2019-05-31 12:48:05+00:00
164,-73.55050211772323,45.54260719567537,23.799999237060547,2019-05-31 12:48:06+00:00
165,-73.55054494924843,45.54253628477454,23.799999237060547,2019-05-31 12:48:07+00:00
166,-73.55058484710753,45.542468475177884,24.0,2019-05-31 12:48:08+00:00
167,-73.5506228171289,45.54240426979959,24.0,2019-05-31 12:48:09+00:00
168,-73.55065668001771,45.542343920096755,24.0,2019-05-31 12:48:10+00:00
169,-73.55069716461003,45.542284324765205,24.0,2019-05-31 12:48:11+00:00
170,-73.55074066668749,45.542225148528814,24.0,2019-05-31 12:48:12+00:00
171,-73.55078442022204,45.542168067768216,23.799999237060547,2019-05-31 12:48:13+00:00
172,-73.55081778019667,45.54211744107306,23.600000381469727,2019-05-31 12:48:14+00:00
173,-73.5508400760591,45.54207754321396,23.399999618530273,2019-05-31 12:48:15+00:00
174,-73.55086228810251,45.542043345049024,23.200000762939453,2019-05-31 12:48:16+00:00
175,-73.55088265612721,45.54200906306505,23.200000762939453,2019-05-31 12:48:17+00:00
176,-73.55090067721903,45.54197184741497,23.200000762939453,2019-05-31 12:48:18+00:00
177,-73.5509249009192,45.54193119518459,23.0,2019-05-31 12:48:19+00:00
178,-73.5509505495429,45.541884591802955,23.0,2019-05-31 12:48:20+00:00
179,-73.55097435414791,45.541834719479084,23.0,2019-05-31 12:48:21+00:00
180,-73.55100109241903,45.54177981801331,23.0,2019-05-31 12:48:22+00:00
181,-73.55102933943272,45.54172131232917,23.0,2019-05-31 12:48:23+00:00
182,-73.55105926282704,45.54166364483535,23.0,2019-05-31 12:48:24+00:00
183,-73.55108700692654,45.541599690914154,23.0,2019-05-31 12:48:25+00:00
184,-73.55112246237695,45.54153632372618,23.0,2019-05-31 12:48:26+00:00
185,-73.55115146376193,45.54146801121533,23.0,2019-05-31 12:48:27+00:00
186,-73.55118809267879,45.541402883827686,23.200000762939453,2019-05-31 12:48:28+00:00
187,-73.55122690089047,45.54133649915457,23.0,2019-05-31 12:48:29+00:00
188,-73.5512668825686,45.541269360110164,23.0,2019-05-31 12:48:30+00:00
189,-73.55130845680833,45.54120188578963,23.0,2019-05-31 12:48:31+00:00
190,-73.55135221034288,45.54113340564072,23.0,2019-05-31 12:48:32+00:00
191,-73.55139554478228,45.5410638358444,23.0,2019-05-31 12:48:33+00:00
192,-73.55143879540265,45.54099493660033,23.0,2019-05-31 12:48:34+00:00
193,-73.55147844180465,45.54092796519399,23.0,2019-05-31 12:48:35+00:00
194,-73.55152093805373,45.54086116142571,23.0,2019-05-31 12:48:36+00:00
195,-73.55156385339797,45.540794944390655,23.0,2019-05-31 12:48:37+00:00
196,-73.55160844512284,45.54073467850685,23.0,2019-05-31 12:48:38+00:00
197,-73.55165362358093,45.540683129802346,23.0,2019-05-31 12:48:39+00:00
198,-73.55169519782066,45.54063577204943,23.0,2019-05-31 12:48:40+00:00
199,-73.55172696523368,45.54058648645878,23.0,2019-05-31 12:48:41+00:00
200,-73.55175278149545,45.54053862579167,23.0,2019-05-31 12:48:42+00:00
201,-73.55177868157625,45.540487663820386,23.0,2019-05-31 12:48:43+00:00
202,-73.55181002989411,45.54043460637331,23.0,2019-05-31 12:48:44+00:00
203,-73.5518454015255,45.54038138128817,23.0,2019-05-31 12:48:45+00:00
204,-73.55187851004303,45.540323881432414,23.0,2019-05-31 12:48:46+00:00
205,-73.55191631242633,45.54026545956731,23.0,2019-05-31 12:48:47+00:00
206,-73.5519609041512,45.540203852579,23.0,2019-05-31 12:48:48+00:00
207,-73.55199954472482,45.54014224559069,23.0,2019-05-31 12:48:49+00:00
208,-73.55203181505203,45.5400793813169,23.200000762939453,2019-05-31 12:48:50+00:00
209,-73.55206324718893,45.54001525975764,23.399999618530273,2019-05-31 12:48:51+00:00
210,-73.55210037901998,45.53995046764612,23.399999618530273,2019-05-31 12:48:52+00:00
211,-73.55214538984,45.53988793864846,23.600000381469727,2019-05-31 12:48:53+00:00
212,-73.55218495242298,45.53982138633728,23.799999237060547,2019-05-31 12:48:54+00:00
213,-73.55222577229142,45.539755169302225,24.0,2019-05-31 12:48:55+00:00
214,-73.55226399376988,45.53969046100974,24.0,2019-05-31 12:48:56+00:00
215,-73.55230196379125,45.53962583653629,24.0,2019-05-31 12:48:57+00:00
216,-73.5523457173258,45.53956029005349,24.0,2019-05-31 12:48:58+00:00
217,-73.55238670483232,45.53949650377035,24.0,2019-05-31 12:48:59+00:00
218,-73.55243314057589,45.539433220401406,24.0,2019-05-31 12:49:00+00:00
219,-73.55247681029141,45.53937043994665,24.0,2019-05-31 12:49:01+00:00
220,-73.55251737870276,45.539309084415436,24.0,2019-05-31 12:49:02+00:00
221,-73.55255979113281,45.53923632949591,24.0,2019-05-31 12:49:03+00:00
222,-73.5525996889919,45.5391691904515,24.0,2019-05-31 12:49:04+00:00
223,-73.5526464600116,45.539101883769035,24.0,2019-05-31 12:49:05+00:00
224,-73.55269708670676,45.5390380974859,24.0,2019-05-31 12:49:06+00:00
225,-73.55275265872478,45.53897246718407,24.0,2019-05-31 12:49:07+00:00
226,-73.55281141586602,45.53890658542514,24.0,2019-05-31 12:49:08+00:00
227,-73.5528679098934,45.53884036839008,24.200000762939453,2019-05-31 12:49:09+00:00
228,-73.55292297899723,45.53877968341112,24.399999618530273,2019-05-31 12:49:10+00:00
229,-73.55297528207302,45.538713466376066,24.600000381469727,2019-05-31 12:49:11+00:00
230,-73.55302859097719,45.538649344816804,24.799999237060547,2019-05-31 12:49:12+00:00
231,-73.55307569727302,45.53858949802816,25.0,2019-05-31 12:49:13+00:00
232,-73.55312221683562,45.53853090852499,25.0,2019-05-31 12:49:14+00:00
233,-73.5531660541892,45.538472570478916,25.0,2019-05-31 12:49:15+00:00
234,-73.5532112326473,45.53841473534703,25.0,2019-05-31 12:49:16+00:00
235,-73.55325439944863,45.538358660414815,25.0,2019-05-31 12:49:17+00:00
236,-73.55328960344195,45.5383025854826,25.0,2019-05-31 12:49:18+00:00
237,-73.55332975275815,45.53824885748327,25.0,2019-05-31 12:49:19+00:00
238,-73.55336898006499,45.53819077089429,25.0,2019-05-31 12:49:20+00:00
239,-73.55341172777116,45.5381281580776,25.0,2019-05-31 12:49:21+00:00
240,-73.55345028452575,45.538065545260906,25.0,2019-05-31 12:49:22+00:00
241,-73.55348783545196,45.53800310008228,25.0,2019-05-31 12:49:23+00:00
242,-73.55352496728301,45.537941828370094,25.0,2019-05-31 12:49:24+00:00
243,-73.55355732142925,45.53783697076142,25.0,2019-05-31 12:49:25+00:00
244,-73.55360585264862,45.53778315894306,25.0,2019-05-31 12:49:26+00:00
245,-73.55365069583058,45.53772800602019,25.0,2019-05-31 12:49:27+00:00
246,-73.55368657037616,45.53766497410834,25.200000762939453,2019-05-31 12:49:28+00:00
247,-73.55366419069469,45.53761904127896,25.0,2019-05-31 12:49:29+00:00
248,-73.55370593257248,45.53755064494908,25.200000762939453,2019-05-31 12:49:30+00:00
249,-73.55374876409769,45.53748048841953,25.399999618530273,2019-05-31 12:49:31+00:00
250,-73.5537863150239,45.53741234354675,25.600000381469727,2019-05-31 12:49:32+00:00
251,-73.55382931418717,45.53734486922622,25.600000381469727,2019-05-31 12:49:33+00:00
252,-73.55387340299785,45.537274880334735,25.799999237060547,2019-05-31 12:49:34+00:00
253,-73.55393392033875,45.537211429327726,26.0,2019-05-31 12:49:35+00:00
254,-73.55398412793875,45.53714613430202,25.799999237060547,2019-05-31 12:49:36+00:00
255,-73.55403165332973,45.537080420181155,25.799999237060547,2019-05-31 12:49:37+00:00
256,-73.55408714152873,45.537017891183496,25.799999237060547,2019-05-31 12:49:38+00:00
257,-73.55414782650769,45.53695620037615,25.799999237060547,2019-05-31 12:49:39+00:00
258,-73.55419769883156,45.536889312788844,26.0,2019-05-31 12:49:40+00:00
259,-73.55424480512738,45.53682854399085,26.0,2019-05-31 12:49:41+00:00
260,-73.55428260751069,45.53677540272474,26.0,2019-05-31 12:49:42+00:00
261,-73.55431638658047,45.536729637533426,26.0,2019-05-31 12:49:43+00:00
262,-73.55435167439282,45.536683620885015,26.0,2019-05-31 12:49:44+00:00
263,-73.55438436381519,45.53663458675146,26.0,2019-05-31 12:49:45+00:00
264,-73.55442241765559,45.53658379241824,26.0,2019-05-31 12:49:46+00:00
265,-73.55445753782988,45.536527214571834,26.0,2019-05-31 12:49:47+00:00
266,-73.55449324473739,45.53646787069738,26.0,2019-05-31 12:49:48+00:00
267,-73.55453113093972,45.536407604813576,26.200000762939453,2019-05-31 12:49:49+00:00
268,-73.5545752197504,45.53634725511074,26.399999618530273,2019-05-31 12:49:50+00:00
269,-73.55461897328496,45.53628464229405,26.600000381469727,2019-05-31 12:49:51+00:00
270,-73.55466281063855,45.53622010163963,26.600000381469727,2019-05-31 12:49:52+00:00
271,-73.55470698326826,45.53615530952811,26.799999237060547,2019-05-31 12:49:53+00:00
272,-73.5547533351928,45.5360921099782,27.0,2019-05-31 12:49:54+00:00
273,-73.5548001062125,45.53602874279022,27.0,2019-05-31 12:49:55+00:00
274,-73.55485131964087,45.53596411831677,27.0,2019-05-31 12:49:56+00:00
275,-73.55488602072,45.53590075112879,27.0,2019-05-31 12:49:57+00:00
276,-73.55492348782718,45.535833863541484,27.0,2019-05-31 12:49:58+00:00
277,-73.5549639724195,45.53576814942062,27.0,2019-05-31 12:49:59+00:00
278,-73.55500328354537,45.53570411168039,27.0,2019-05-31 12:50:00+00:00
279,-73.55504577979445,45.53564351052046,27.0,2019-05-31 12:50:01+00:00
280,-73.5550900362432,45.535588609054685,27.0,2019-05-31 12:50:02+00:00
281,-73.55512163601816,45.53553798235953,27.0,2019-05-31 12:50:03+00:00
282,-73.55515164323151,45.53548785857856,27.0,2019-05-31 12:50:04+00:00
283,-73.55518735013902,45.53543647751212,27.0,2019-05-31 12:50:05+00:00
284,-73.5552094783634,45.53539012558758,27.0,2019-05-31 12:50:06+00:00
285,-73.55521911755204,45.535361459478736,27.0,2019-05-31 12:50:07+00:00
286,-73.55521853081882,45.535350646823645,27.0,2019-05-31 12:50:08+00:00
287,-73.55521777644753,45.535337906330824,27.0,2019-05-31 12:50:09+00:00
288,-73.55521216057241,45.53532273508608,27.0,2019-05-31 12:50:10+00:00
289,-73.55520453304052,45.53530261851847,27.0,2019-05-31 12:50:11+00:00
290,-73.55519623495638,45.535281831398606,27.0,2019-05-31 12:50:12+00:00
291,-73.55517871677876,45.535258362069726,27.0,2019-05-31 12:50:13+00:00
292,-73.55514728464186,45.535234892740846,27.0,2019-05-31 12:50:14+00:00
293,-73.55509305372834,45.53521024994552,27.0,2019-05-31 12:50:15+00:00
294,-73.55502365157008,45.53518569096923,27.0,2019-05-31 12:50:16+00:00
295,-73.55494452640414,45.53516465239227,26.600000381469727,2019-05-31 12:50:17+00:00
296,-73.55484955944121,45.5351369921118,26.399999618530273,2019-05-31 12:50:18+00:00
297,-73.55475710704923,45.535108242183924,26.0,2019-05-31 12:50:19+00:00
298,-73.55466582812369,45.535077564418316,26.0,2019-05-31 12:50:20+00:00
299,-73.55457396246493,45.535042779520154,26.0,2019-05-31 12:50:21+00:00
300,-73.55448075570166,45.53500975482166,26.0,2019-05-31 12:50:22+00:00
301,-73.55438645929098,45.534977400675416,25.600000381469727,2019-05-31 12:50:23+00:00
302,-73.5542919114232,45.53494571708143,25.0,2019-05-31 12:50:24+00:00
303,-73.55418562889099,45.53491118364036,25.0,2019-05-31 12:50:25+00:00
304,-73.55408580042422,45.534882098436356,25.0,2019-05-31 12:50:26+00:00
305,-73.55398513376713,45.53485301323235,25.0,2019-05-31 12:50:27+00:00
306,-73.55388513766229,45.53482376039028,24.799999237060547,2019-05-31 12:50:28+00:00
307,-73.5537897516042,45.53479224443436,24.600000381469727,2019-05-31 12:50:29+00:00
308,-73.55369528755546,45.53476106375456,24.200000762939453,2019-05-31 12:50:30+00:00
309,-73.55359462089837,45.534727200865746,24.0,2019-05-31 12:50:31+00:00
310,-73.55349546298385,45.5346948467195,24.0,2019-05-31 12:50:32+00:00
311,-73.55339521542192,45.53466098383069,23.799999237060547,2019-05-31 12:50:33+00:00
312,-73.5532958060503,45.53462829440832,23.399999618530273,2019-05-31 12:50:34+00:00
313,-73.55319740250707,45.53459560498595,23.0,2019-05-31 12:50:35+00:00
314,-73.55309790931642,45.534564005210996,23.0,2019-05-31 12:50:36+00:00
315,-73.55300051160157,45.53453148342669,23.0,2019-05-31 12:50:37+00:00
316,-73.55290319770575,45.53449736908078,23.0,2019-05-31 12:50:38+00:00
317,-73.55280982330441,45.534464260563254,23.0,2019-05-31 12:50:39+00:00
318,-73.55271837674081,45.534430565312505,22.600000381469727,2019-05-31 12:50:40+00:00
319,-73.55262617580593,45.534398294985294,22.200000762939453,2019-05-31 12:50:41+00:00
320,-73.55253347195685,45.53436694666743,22.0,2019-05-31 12:50:42+00:00
321,-73.55244051665068,45.534337190911174,22.0,2019-05-31 12:50:43+00:00
322,-73.55234873481095,45.534306513145566,22.0,2019-05-31 12:50:44+00:00
323,-73.55226131156087,45.534273236989975,22.0,2019-05-31 12:50:45+00:00
324,-73.55217908509076,45.534235602244735,22.0,2019-05-31 12:50:46+00:00
325,-73.55210130102932,45.53419922478497,22.0,2019-05-31 12:50:47+00:00
326,-73.55202276259661,45.53416754119098,22.0,2019-05-31 12:50:48+00:00
327,-73.55196333490312,45.53412705659866,22.0,2019-05-31 12:50:49+00:00
328,-73.55194363743067,45.534070897847414,22.0,2019-05-31 12:50:50+00:00
329,-73.55196475982666,45.53401415236294,22.0,2019-05-31 12:50:51+00:00
330,-73.55199602432549,45.53395816124976,22.0,2019-05-31 12:50:52+00:00
331,-73.55203642509878,45.533900409936905,22.0,2019-05-31 12:50:53+00:00
332,-73.55207724496722,45.533838886767626,22.0,2019-05-31 12:50:54+00:00
333,-73.55211161077023,45.53377350792289,22.0,2019-05-31 12:50:55+00:00
334,-73.55214513838291,45.53370963782072,22.0,2019-05-31 12:50:56+00:00
335,-73.5521802585572,45.53365138359368,22.0,2019-05-31 12:50:57+00:00
336,-73.5522214975208,45.53359723649919,22.0,2019-05-31 12:50:58+00:00
337,-73.55226650834084,45.53354384377599,22.0,2019-05-31 12:50:59+00:00
338,-73.55231520719826,45.53348760120571,22.0,2019-05-31 12:51:00+00:00
339,-73.55236927047372,45.53342607803643,22.0,2019-05-31 12:51:01+00:00
340,-73.55242073535919,45.53335969336331,22.0,2019-05-31 12:51:02+00:00
341,-73.55247253552079,45.53329247049987,22.0,2019-05-31 12:51:03+00:00
342,-73.55252441950142,45.53322181105614,22.0,2019-05-31 12:51:04+00:00
343,-73.55258518829942,45.53315022960305,22.0,2019-05-31 12:51:05+00:00
344,-73.55265182442963,45.53307772614062,22.0,2019-05-31 12:51:06+00:00
345,-73.55271502397954,45.5330026242882,22.0,2019-05-31 12:51:07+00:00
346,-73.55278073810041,45.532929031178355,22.0,2019-05-31 12:51:08+00:00
347,-73.55284980498254,45.53285661153495,22.200000762939453,2019-05-31 12:51:09+00:00
348,-73.5529141779989,45.53278159350157,22.399999618530273,2019-05-31 12:51:10+00:00
349,-73.55298005975783,45.53270498290658,22.600000381469727,2019-05-31 12:51:11+00:00
350,-73.55303940363228,45.532626025378704,22.799999237060547,2019-05-31 12:51:12+00:00
351,-73.55309874750674,45.5325485765934,23.0,2019-05-31 12:51:13+00:00
352,-73.55315767228603,45.53247448056936,23.0,2019-05-31 12:51:14+00:00
353,-73.55321265757084,45.532406168058515,23.0,2019-05-31 12:51:15+00:00
354,-73.55326873250306,45.532346069812775,23.0,2019-05-31 12:51:16+00:00
355,-73.5533201135695,45.5322877317667,23.0,2019-05-31 12:51:17+00:00
356,-73.55337115935981,45.532232746481895,23.0,2019-05-31 12:51:18+00:00
357,-73.5534237138927,45.53217625245452,23.0,2019-05-31 12:51:19+00:00
358,-73.55347828008235,45.53211900405586,23.0,2019-05-31 12:51:20+00:00
359,-73.55353645049036,45.532058821991086,23.0,2019-05-31 12:51:21+00:00
360,-73.5535926092416,45.53199361078441,23.0,2019-05-31 12:51:22+00:00
361,-73.5536584071815,45.53193183615804,23.0,2019-05-31 12:51:23+00:00
362,-73.55372680351138,45.53186813369393,23.399999618530273,2019-05-31 12:51:24+00:00
363,-73.553799809888,45.53180493414402,23.600000381469727,2019-05-31 12:51:25+00:00
364,-73.5538621712476,45.53173293359578,23.799999237060547,2019-05-31 12:51:26+00:00
365,-73.55392721481621,45.53166160359979,24.0,2019-05-31 12:51:27+00:00
366,-73.55399016290903,45.53158910013735,24.0,2019-05-31 12:51:28+00:00
367,-73.55405596084893,45.531516848132014,24.0,2019-05-31 12:51:29+00:00
368,-73.55412779375911,45.53144761361182,24.0,2019-05-31 12:51:30+00:00
369,-73.55420021340251,45.53137888200581,24.0,2019-05-31 12:51:31+00:00
370,-73.55427104048431,45.53130813874304,24.0,2019-05-31 12:51:32+00:00
371,-73.55432971380651,45.531235970556736,24.0,2019-05-31 12:51:33+00:00
372,-73.55438344180584,45.531163634732366,24.0,2019-05-31 12:51:34+00:00
373,-73.5544422827661,45.531092304736376,24.0,2019-05-31 12:51:35+00:00
374,-73.55451243929565,45.53102256730199,24.200000762939453,2019-05-31 12:51:36+00:00
375,-73.554582092911,45.53095023147762,24.399999618530273,2019-05-31 12:51:37+00:00
376,-73.55465384200215,45.53087948821485,24.600000381469727,2019-05-31 12:51:38+00:00
377,-73.5547287762165,45.53080765530467,25.0,2019-05-31 12:51:39+00:00
378,-73.55480463244021,45.53073154762387,25.0,2019-05-31 12:51:40+00:00
379,-73.55488132685423,45.530653428286314,25.0,2019-05-31 12:51:41+00:00
380,-73.55495491996408,45.530570363625884,25.0,2019-05-31 12:51:42+00:00
381,-73.55503446422517,45.53048914298415,25.0,2019-05-31 12:51:43+00:00
382,-73.55511149391532,45.53040993399918,25.0,2019-05-31 12:51:44+00:00
383,-73.55518609285355,45.53033181466162,25.0,2019-05-31 12:51:45+00:00
384,-73.55525717139244,45.530249923467636,25.0,2019-05-31 12:51:46+00:00
385,-73.55532724410295,45.53017046302557,25.0,2019-05-31 12:51:47+00:00
386,-73.55539849027991,45.530094522982836,25.399999618530273,2019-05-31 12:51:48+00:00
387,-73.55546277947724,45.5300188343972,25.600000381469727,2019-05-31 12:51:49+00:00
388,-73.55553025379777,45.529945911839604,25.600000381469727,2019-05-31 12:51:50+00:00
389,-73.55559605173767,45.529877599328756,25.600000381469727,2019-05-31 12:51:51+00:00
390,-73.55565464124084,45.529809119179845,25.399999618530273,2019-05-31 12:51:52+00:00
391,-73.55571658350527,45.52974541671574,25.399999618530273,2019-05-31 12:51:53+00:00
392,-73.55577450245619,45.52968422882259,25.399999618530273,2019-05-31 12:51:54+00:00
393,-73.55583619326353,45.52963016554713,25.600000381469727,2019-05-31 12:51:55+00:00
394,-73.55588732287288,45.529581466689706,25.600000381469727,2019-05-31 12:51:56+00:00
395,-73.55593568645418,45.529541317373514,25.600000381469727,2019-05-31 12:51:57+00:00
396,-73.55597365647554,45.52950728684664,25.600000381469727,2019-05-31 12:51:58+00:00
397,-73.55627624318004,45.529267732053995,26.0,2019-05-31 12:52:20+00:00
398,-73.55631781741977,45.5292243976146,26.0,2019-05-31 12:52:21+00:00
399,-73.55635872110724,45.529176369309425,26.0,2019-05-31 12:52:22+00:00
400,-73.55640708468854,45.52913018502295,26.0,2019-05-31 12:52:23+00:00
401,-73.5564561188221,45.52908525802195,26.200000762939453,2019-05-31 12:52:24+00:00
402,-73.55650213547051,45.52903681062162,26.200000762939453,2019-05-31 12:52:25+00:00
403,-73.5565523430705,45.528985345736146,26.399999618530273,2019-05-31 12:52:26+00:00
404,-73.55660271830857,45.528932539746165,26.600000381469727,2019-05-31 12:52:27+00:00
405,-73.55665359646082,45.52888006903231,26.799999237060547,2019-05-31 12:52:28+00:00
406,-73.55669986456633,45.52882676012814,26.799999237060547,2019-05-31 12:52:29+00:00
407,-73.55674671940506,45.52877730689943,26.799999237060547,2019-05-31 12:52:30+00:00
408,-73.55679374188185,45.528732631355524,26.799999237060547,2019-05-31 12:52:31+00:00
409,-73.55683531612158,45.528689632192254,26.799999237060547,2019-05-31 12:52:32+00:00
410,-73.55687496252358,45.52865132689476,26.799999237060547,2019-05-31 12:52:33+00:00
411,-73.55690974742174,45.52861670963466,26.799999237060547,2019-05-31 12:52:34+00:00
412,-73.55694151483476,45.528585109859705,26.799999237060547,2019-05-31 12:52:35+00:00
413,-73.5569706838578,45.52855711430311,26.799999237060547,2019-05-31 12:52:36+00:00
414,-73.55699742212892,45.528530878946185,26.799999237060547,2019-05-31 12:52:37+00:00
415,-73.55702147819102,45.52850573323667,26.799999237060547,2019-05-31 12:52:38+00:00
416,-73.55704561807215,45.528478575870395,26.799999237060547,2019-05-31 12:52:39+00:00
417,-73.5570674110204,45.52845041267574,26.600000381469727,2019-05-31 12:52:40+00:00
418,-73.55709037743509,45.528422836214304,26.600000381469727,2019-05-31 12:52:41+00:00
419,-73.55711376294494,45.52839911542833,26.600000381469727,2019-05-31 12:52:42+00:00
420,-73.55713899247348,45.52837413735688,26.600000381469727,2019-05-31 12:52:43+00:00
421,-73.55716614983976,45.528348656371236,26.600000381469727,2019-05-31 12:52:44+00:00
422,-73.55719498358667,45.52832116372883,26.799999237060547,2019-05-31 12:52:45+00:00
423,-73.55723069049418,45.52829216234386,27.0,2019-05-31 12:52:46+00:00
424,-73.55726094916463,45.528263160958886,27.0,2019-05-31 12:52:47+00:00
425,-73.55728634633124,45.52823499776423,27.0,2019-05-31 12:52:48+00:00
426,-73.55731233023107,45.528205996379256,27.0,2019-05-31 12:52:49+00:00
427,-73.55733881704509,45.52817523479462,27.0,2019-05-31 12:52:50+00:00
428,-73.55737435631454,45.52813969552517,27.0,2019-05-31 12:52:51+00:00
429,-73.55741316452622,45.52810122258961,27.0,2019-05-31 12:52:52+00:00
430,-73.55745364911854,45.52805922925472,27.0,2019-05-31 12:52:53+00:00
431,-73.5574953071773,45.528013883158565,27.0,2019-05-31 12:52:54+00:00
432,-73.5575386416167,45.527966441586614,27.0,2019-05-31 12:52:55+00:00
433,-73.55758692137897,45.52791992202401,27.0,2019-05-31 12:52:56+00:00
434,-73.55763117782772,45.527869798243046,27.0,2019-05-31 12:52:57+00:00
435,-73.55767794884741,45.52781908772886,27.0,2019-05-31 12:52:58+00:00
436,-73.55772689916193,45.52776946686208,27.0,2019-05-31 12:52:59+00:00
437,-73.55777643620968,45.527720265090466,27.0,2019-05-31 12:53:00+00:00
438,-73.55782295577228,45.527668967843056,27.0,2019-05-31 12:53:01+00:00
439,-73.5578753426671,45.52761901170015,27.200000762939453,2019-05-31 12:53:02+00:00
440,-73.55792538262904,45.52756888791919,27.399999618530273,2019-05-31 12:53:03+00:00
441,-73.55797374621034,45.52751918323338,27.600000381469727,2019-05-31 12:53:04+00:00
442,-73.55802319943905,45.527470568194985,27.799999237060547,2019-05-31 12:53:05+00:00
443,-73.5580738261342,45.527421701699495,28.0,2019-05-31 12:53:06+00:00
444,-73.55812638066709,45.52737157791853,28.0,2019-05-31 12:53:07+00:00
445,-73.55817910283804,45.5273196939379,28.0,2019-05-31 12:53:08+00:00
446,-73.55823224410415,45.52726512774825,28.0,2019-05-31 12:53:09+00:00
447,-73.55828404426575,45.52721039392054,28.0,2019-05-31 12:53:10+00:00
448,-73.55833701789379,45.52715607918799,28.0,2019-05-31 12:53:11+00:00
449,-73.55839074589312,45.527102602645755,28.0,2019-05-31 12:53:12+00:00
450,-73.55844070203602,45.52705155685544,28.0,2019-05-31 12:53:13+00:00
451,-73.5584847908467,45.52700084634125,28.0,2019-05-31 12:53:14+00:00
452,-73.55852795764804,45.52695541642606,28.0,2019-05-31 12:53:15+00:00
453,-73.55856894515455,45.526915015652776,28.0,2019-05-31 12:53:16+00:00
454,-73.558609765023,45.52687654271722,28.0,2019-05-31 12:53:17+00:00
455,-73.5586507525295,45.52683656103909,28.0,2019-05-31 12:53:18+00:00
456,-73.5586885549128,45.52679548971355,28.200000762939453,2019-05-31 12:53:19+00:00
457,-73.55872451327741,45.526754669845104,28.200000762939453,2019-05-31 12:53:20+00:00
458,-73.55876114219427,45.526712257415056,28.399999618530273,2019-05-31 12:53:21+00:00
459,-73.55879550799727,45.526668168604374,28.600000381469727,2019-05-31 12:53:22+00:00
460,-73.55883113108575,45.526627181097865,28.600000381469727,2019-05-31 12:53:23+00:00
461,-73.55885753408074,45.52659164182842,28.799999237060547,2019-05-31 12:53:24+00:00
462,-73.55887874029577,45.52656574174762,28.799999237060547,2019-05-31 12:53:25+00:00
463,-73.55889910832047,45.526541601866484,29.0,2019-05-31 12:53:26+00:00
464,-73.55892081744969,45.526518719270825,29.0,2019-05-31 12:53:27+00:00
465,-73.55894428677857,45.526496758684516,29.0,2019-05-31 12:53:28+00:00
466,-73.55897010304034,45.52647924050689,29.0,2019-05-31 12:53:29+00:00
467,-73.55899265035987,45.52646230906248,29.0,2019-05-31 12:53:30+00:00
468,-73.55901251547039,45.52644621580839,29.0,2019-05-31 12:53:31+00:00
469,-73.55902818962932,45.52642987109721,29.0,2019-05-31 12:53:32+00:00
470,-73.55904118157923,45.52641520276666,29.0,2019-05-31 12:53:33+00:00
471,-73.559051156044,45.526404390111566,29.0,2019-05-31 12:53:34+00:00
472,-73.55905978940427,45.526394583284855,29.0,2019-05-31 12:53:35+00:00
473,-73.55906750075519,45.5263851955533,29.0,2019-05-31 12:53:36+00:00
474,-73.55907814577222,45.52637756802142,29.0,2019-05-31 12:53:37+00:00
475,-73.55908300727606,45.52637371234596,29.0,2019-05-31 12:53:38+00:00
476,-73.55908426456153,45.52637320943177,29.0,2019-05-31 12:53:39+00:00
477,-73.55908744968474,45.52637421526015,29.0,2019-05-31 12:53:40+00:00
478,-73.55909097008407,45.52637379616499,29.0,2019-05-31 12:53:41+00:00
479,-73.5590897127986,45.526371197775006,29.0,2019-05-31 12:53:42+00:00
480,-73.55909465812147,45.52636977285147,29.0,2019-05-31 12:53:43+00:00
481,-73.55910211801529,45.52636323496699,29.0,2019-05-31 12:53:44+00:00
482,-73.55911703780293,45.526349572464824,29.0,2019-05-31 12:53:45+00:00
483,-73.55912952683866,45.5263352394104,29.0,2019-05-31 12:53:46+00:00
484,-73.55913832783699,45.52631679922342,29.0,2019-05-31 12:53:47+00:00
485,-73.55914855375886,45.5262955930084,29.0,2019-05-31 12:53:48+00:00
486,-73.55916439555585,45.52627648226917,29.0,2019-05-31 12:53:49+00:00
487,-73.5591774713248,45.52625603042543,29.0,2019-05-31 12:53:50+00:00
488,-73.55917437002063,45.526231890544295,29.0,2019-05-31 12:53:51+00:00
489,-73.55918652378023,45.52621847949922,29.0,2019-05-31 12:53:52+00:00
490,-73.55919800698757,45.526209846138954,29.0,2019-05-31 12:53:53+00:00
491,-73.55921410024166,45.52619836293161,29.0,2019-05-31 12:53:54+00:00
492,-73.55922751128674,45.52618025802076,29.0,2019-05-31 12:53:55+00:00
493,-73.55924150906503,45.52615888416767,29.0,2019-05-31 12:53:56+00:00
494,-73.55926112271845,45.526136588305235,29.0,2019-05-31 12:53:57+00:00
495,-73.55928333476186,45.52611303515732,29.0,2019-05-31 12:53:58+00:00
496,-73.55930336751044,45.52608931437135,29.0,2019-05-31 12:53:59+00:00
497,-73.55932138860226,45.52606366574764,29.0,2019-05-31 12:54:00+00:00
498,-73.55934024788439,45.52603860385716,29.0,2019-05-31 12:54:01+00:00
499,-73.55935500003397,45.52601270377636,29.0,2019-05-31 12:54:02+00:00
500,-73.55937327258289,45.525988480076194,29.0,2019-05-31 12:54:03+00:00
501,-73.55939229950309,45.52596534602344,29.0,2019-05-31 12:54:04+00:00
502,-73.55941199697554,45.525943133980036,29.0,2019-05-31 12:54:05+00:00
503,-73.56199630536139,45.52186223678291,30.0,2019-05-31 12:55:25+00:00
504,-73.56200644746423,45.52184798754752,30.0,2019-05-31 12:55:26+00:00
505,-73.56200887821615,45.52183256484568,30.200000762939453,2019-05-31 12:55:27+00:00
506,-73.56201315298676,45.5218212492764,30.200000762939453,2019-05-31 12:55:28+00:00
507,-73.5620196070522,45.52180968225002,30.200000762939453,2019-05-31 12:55:29+00:00
508,-73.56203117407858,45.52179300226271,30.200000762939453,2019-05-31 12:55:30+00:00
509,-73.56204450130463,45.52176953293383,30.200000762939453,2019-05-31 12:55:31+00:00
510,-73.56206059455872,45.521739860996604,30.200000762939453,2019-05-31 12:55:32+00:00
511,-73.56208582408726,45.521702226251364,30.399999618530273,2019-05-31 12:55:33+00:00
512,-73.56211256235838,45.521653862670064,30.399999618530273,2019-05-31 12:55:34+00:00
513,-73.56214550323784,45.52159644663334,30.600000381469727,2019-05-31 12:55:35+00:00
514,-73.56217701919377,45.521533163264394,30.799999237060547,2019-05-31 12:55:36+00:00
515,-73.5622117202729,45.52146937698126,30.799999237060547,2019-05-31 12:55:37+00:00
516,-73.56224826537073,45.52140106447041,31.0,2019-05-31 12:55:38+00:00
517,-73.56228237971663,45.521328980103135,30.799999237060547,2019-05-31 12:55:39+00:00
518,-73.56231993064284,45.52125505171716,30.399999618530273,2019-05-31 12:55:40+00:00
519,-73.56236611492932,45.52118103951216,30.200000762939453,2019-05-31 12:55:41+00:00
520,-73.56241137720644,45.52110409364104,30.0,2019-05-31 12:55:42+00:00
521,-73.562465691939,45.521026058122516,30.0,2019-05-31 12:55:43+00:00
522,-73.5625174921006,45.52094676531851,30.0,2019-05-31 12:55:44+00:00
523,-73.56257096864283,45.52086604759097,30.0,2019-05-31 12:55:45+00:00
524,-73.56262385845184,45.520785581320524,30.0,2019-05-31 12:55:46+00:00
525,-73.56267490424216,45.52070704288781,30.0,2019-05-31 12:55:47+00:00
526,-73.56272083707154,45.520632695406675,30.0,2019-05-31 12:55:48+00:00
527,-73.56275972910225,45.5205571744591,30.0,2019-05-31 12:55:49+00:00
528,-73.5628021415323,45.52047863602638,30.0,2019-05-31 12:55:50+00:00
529,-73.56284447014332,45.52039582282305,30.0,2019-05-31 12:55:51+00:00
530,-73.56289031915367,45.52031133323908,30.0,2019-05-31 12:55:52+00:00
531,-73.5629371739924,45.520224245265126,30.200000762939453,2019-05-31 12:55:53+00:00
532,-73.56299391947687,45.52014185115695,30.600000381469727,2019-05-31 12:55:54+00:00
533,-73.56305032968521,45.52006331272423,30.799999237060547,2019-05-31 12:55:55+00:00
534,-73.56310883536935,45.51998502574861,31.0,2019-05-31 12:55:56+00:00
535,-73.56316491030157,45.51990581676364,31.0,2019-05-31 12:55:57+00:00
536,-73.56322006322443,45.5198285356164,31.0,2019-05-31 12:55:58+00:00
537,-73.5632704384625,45.51974915899336,31.0,2019-05-31 12:55:59+00:00
538,-73.56331955641508,45.51966735161841,31.0,2019-05-31 12:56:00+00:00
539,-73.56335358694196,45.519585041329265,31.0,2019-05-31 12:56:01+00:00
540,-73.56339415535331,45.519502982497215,31.0,2019-05-31 12:56:02+00:00
541,-73.56343673542142,45.51942058838904,31.0,2019-05-31 12:56:03+00:00
542,-73.56348333880305,45.51933861337602,31.0,2019-05-31 12:56:04+00:00
543,-73.56353648006916,45.51925781182945,30.799999237060547,2019-05-31 12:56:05+00:00
544,-73.5635912977159,45.519177094101906,30.799999237060547,2019-05-31 12:56:06+00:00
545,-73.56364502571523,45.51909822039306,31.0,2019-05-31 12:56:07+00:00
546,-73.56369607150555,45.51901901140809,31.0,2019-05-31 12:56:08+00:00
547,-73.56374954804778,45.518942484632134,31.0,2019-05-31 12:56:09+00:00
548,-73.56378701515496,45.51886503584683,31.0,2019-05-31 12:56:10+00:00
549,-73.56382984668016,45.51879026927054,31.0,2019-05-31 12:56:11+00:00
550,-73.56387569569051,45.51871743053198,31.0,2019-05-31 12:56:12+00:00
551,-73.56392179615796,45.51864677108824,31.0,2019-05-31 12:56:13+00:00
552,-73.56396496295929,45.518577452749014,31.200000762939453,2019-05-31 12:56:14+00:00
553,-73.56400804594159,45.51851039752364,31.399999618530273,2019-05-31 12:56:15+00:00
554,-73.56404442340136,45.51844694651663,31.399999618530273,2019-05-31 12:56:16+00:00
555,-73.56406747363508,45.51838953047991,31.600000381469727,2019-05-31 12:56:17+00:00
556,-73.56408876366913,45.51834091544151,31.600000381469727,2019-05-31 12:56:18+00:00
557,-73.56410854496062,45.51829959265888,31.600000381469727,2019-05-31 12:56:19+00:00
558,-73.56413084082305,45.518262879922986,31.799999237060547,2019-05-31 12:56:20+00:00
559,-73.56415305286646,45.51822826266289,31.799999237060547,2019-05-31 12:56:21+00:00
560,-73.56417451053858,45.51819624379277,31.799999237060547,2019-05-31 12:56:22+00:00
561,-73.56419420801103,45.51816279999912,32.0,2019-05-31 12:56:23+00:00
562,-73.56421566568315,45.51812466233969,32.0,2019-05-31 12:56:24+00:00
563,-73.56424106284976,45.518082501366735,32.0,2019-05-31 12:56:25+00:00
564,-73.56426553800702,45.51803740672767,32.0,2019-05-31 12:56:26+00:00
565,-73.56428808532655,45.517997927963734,32.0,2019-05-31 12:56:27+00:00
566,-73.5643101297319,45.517972614616156,32.0,2019-05-31 12:56:28+00:00
567,-73.56432320550084,45.517955934628844,32.0,2019-05-31 12:56:29+00:00
568,-73.5643270611763,45.517945708706975,32.0,2019-05-31 12:56:30+00:00
569,-73.564397636801,45.517892399802804,32.0,2019-05-31 12:57:12+00:00
570,-73.56441490352154,45.51785266958177,32.0,2019-05-31 12:57:13+00:00
571,-73.56443661265075,45.51780539564788,32.0,2019-05-31 12:57:14+00:00
572,-73.56446393765509,45.51775493659079,32.0,2019-05-31 12:57:15+00:00
573,-73.56449788436294,45.51770372316241,32.0,2019-05-31 12:57:16+00:00
574,-73.56453191488981,45.51764731295407,32.20000076293945,2019-05-31 12:57:17+00:00
575,-73.56456401757896,45.51758495159447,32.400001525878906,2019-05-31 12:57:18+00:00
576,-73.56460441835225,45.51751898601651,32.400001525878906,2019-05-31 12:57:19+00:00
577,-73.5646468307823,45.5174505058676,32.599998474121094,2019-05-31 12:57:20+00:00
578,-73.56468890793622,45.51738194189966,32.79999923706055,2019-05-31 12:57:21+00:00
579,-73.56473660096526,45.51731698215008,33.0,2019-05-31 12:57:22+00:00
580,-73.56475654989481,45.51724439486861,33.0,2019-05-31 12:57:23+00:00
581,-73.5647811088711,45.51717281341553,32.79999923706055,2019-05-31 12:57:24+00:00
582,-73.56481631286442,45.517101818695664,32.79999923706055,2019-05-31 12:57:25+00:00
583,-73.56485176831484,45.517028979957104,32.599998474121094,2019-05-31 12:57:26+00:00
584,-73.56489116325974,45.516954800114036,32.400001525878906,2019-05-31 12:57:27+00:00
585,-73.56492058373988,45.51688036881387,32.599998474121094,2019-05-31 12:57:28+00:00
586,-73.56494028121233,45.51680635660887,32.599998474121094,2019-05-31 12:57:29+00:00
587,-73.56496224179864,45.51673326641321,32.79999923706055,2019-05-31 12:57:30+00:00
588,-73.56498378328979,45.51666034385562,32.79999923706055,2019-05-31 12:57:31+00:00
589,-73.56500658206642,45.51658792421222,32.79999923706055,2019-05-31 12:57:32+00:00
590,-73.56502879410982,45.51652070134878,33.0,2019-05-31 12:57:33+00:00
591,-73.56505033560097,45.51645616069436,33.0,2019-05-31 12:57:34+00:00
592,-73.56506953015924,45.51640000194311,33.0,2019-05-31 12:57:35+00:00
593,-73.56507866643369,45.516350297257304,33.0,2019-05-31 12:57:36+00:00
594,-73.56510154902935,45.516304951161146,33.0,2019-05-31 12:57:37+00:00
595,-73.5651251859963,45.51626019179821,32.79999923706055,2019-05-31 12:57:38+00:00
596,-73.56514588929713,45.516212582588196,32.79999923706055,2019-05-31 12:57:39+00:00
597,-73.56516793370247,45.51616723649204,32.599998474121094,2019-05-31 12:57:40+00:00
598,-73.56518981046975,45.51612298004329,32.599998474121094,2019-05-31 12:57:41+00:00
599,-73.56521001085639,45.516077214851975,32.599998474121094,2019-05-31 12:57:42+00:00
600,-73.5652282834053,45.516023905947804,32.599998474121094,2019-05-31 12:57:43+00:00
601,-73.56525493785739,45.51596489734948,32.79999923706055,2019-05-31 12:57:44+00:00
602,-73.56528117321432,45.51589909940958,32.79999923706055,2019-05-31 12:57:45+00:00
603,-73.56529894284904,45.51582693122327,32.79999923706055,2019-05-31 12:57:46+00:00
604,-73.56532249599695,45.515750236809254,32.599998474121094,2019-05-31 12:57:47+00:00
605,-73.56535074301064,45.515668680891395,32.599998474121094,2019-05-31 12:57:48+00:00
606,-73.56538510881364,45.51558963954449,32.400001525878906,2019-05-31 12:57:49+00:00
607,-73.56542115099728,45.51551076583564,32.400001525878906,2019-05-31 12:57:50+00:00
608,-73.56545509770513,45.515431221574545,32.599998474121094,2019-05-31 12:57:51+00:00
609,-73.5654875356704,45.51535176113248,32.599998474121094,2019-05-31 12:57:52+00:00
610,-73.56551460921764,45.51527313888073,32.599998474121094,2019-05-31 12:57:53+00:00
611,-73.56553623452783,45.515194181352854,32.400001525878906,2019-05-31 12:57:54+00:00
612,-73.56556330807507,45.51511731930077,32.20000076293945,2019-05-31 12:57:55+00:00
613,-73.56559230946004,45.51504171453416,32.20000076293945,2019-05-31 12:57:56+00:00
614,-73.56562323868275,45.51497105509043,32.20000076293945,2019-05-31 12:57:57+00:00
615,-73.5656516533345,45.51490467041731,32.20000076293945,2019-05-31 12:57:58+00:00
616,-73.56567788869143,45.51484172232449,32.400001525878906,2019-05-31 12:57:59+00:00
617,-73.56569867581129,45.514773996546865,32.400001525878906,2019-05-31 12:58:00+00:00
618,-73.56571569107473,45.514701241627336,32.400001525878906,2019-05-31 12:58:01+00:00
619,-73.56573681347072,45.51462479867041,32.20000076293945,2019-05-31 12:58:02+00:00
620,-73.56576933525503,45.514548774808645,32.0,2019-05-31 12:58:03+00:00
621,-73.56578894890845,45.51446705125272,31.799999237060547,2019-05-31 12:58:04+00:00
622,-73.56581090949476,45.51438298076391,31.600000381469727,2019-05-31 12:58:05+00:00
623,-73.56583094224334,45.51429740153253,31.399999618530273,2019-05-31 12:58:06+00:00
624,-73.56585265137255,45.51421240903437,31.0,2019-05-31 12:58:07+00:00
625,-73.56587410904467,45.51412481814623,31.0,2019-05-31 12:58:08+00:00
626,-73.5659019369632,45.514039155095816,31.0,2019-05-31 12:58:09+00:00
627,-73.56591962277889,45.51395340822637,31.0,2019-05-31 12:58:10+00:00
628,-73.5659275855869,45.513867577537894,31.0,2019-05-31 12:58:11+00:00
629,-73.56594334356487,45.51378526724875,31.0,2019-05-31 12:58:12+00:00
630,-73.5659590177238,45.51370773464441,31.0,2019-05-31 12:58:13+00:00
631,-73.5659793857485,45.51363347098231,31.0,2019-05-31 12:58:14+00:00
632,-73.56600838713348,45.51356197334826,31.0,2019-05-31 12:58:15+00:00
633,-73.56604107655585,45.51348821260035,31.0,2019-05-31 12:58:16+00:00
634,-73.56606530025601,45.51340917125344,31.0,2019-05-31 12:58:17+00:00
635,-73.56609815731645,45.513332560658455,30.799999237060547,2019-05-31 12:58:18+00:00
636,-73.5661263205111,45.51325268112123,30.600000381469727,2019-05-31 12:58:19+00:00
637,-73.56615825556219,45.51316852681339,30.399999618530273,2019-05-31 12:58:20+00:00
638,-73.56618826277554,45.513081857934594,30.200000762939453,2019-05-31 12:58:21+00:00
639,-73.56621818616986,45.51299476996064,30.200000762939453,2019-05-31 12:58:22+00:00
640,-73.56625196523964,45.512908855453134,30.399999618530273,2019-05-31 12:58:23+00:00
641,-73.56628180481493,45.51282218657434,30.399999618530273,2019-05-31 12:58:24+00:00
642,-73.56630862690508,45.51273828372359,30.600000381469727,2019-05-31 12:58:25+00:00
643,-73.56633754447103,45.51265572197735,30.600000381469727,2019-05-31 12:58:26+00:00
644,-73.5663631092757,45.51257584244013,30.799999237060547,2019-05-31 12:58:27+00:00
645,-73.56638506986201,45.512495124712586,30.799999237060547,2019-05-31 12:58:28+00:00
646,-73.56641868129373,45.51241817884147,31.0,2019-05-31 12:58:29+00:00
647,-73.56643946841359,45.51234173588455,31.0,2019-05-31 12:58:30+00:00
648,-73.56646318919957,45.51226822659373,31.0,2019-05-31 12:58:31+00:00
649,-73.56649017892778,45.512193040922284,31.0,2019-05-31 12:58:32+00:00
650,-73.56652161106467,45.512117855250835,31.0,2019-05-31 12:58:33+00:00
651,-73.56654960662127,45.51204384304583,30.799999237060547,2019-05-31 12:58:34+00:00
652,-73.56657416559756,45.511971674859524,30.600000381469727,2019-05-31 12:58:35+00:00
653,-73.56659956276417,45.51190260797739,30.399999618530273,2019-05-31 12:58:36+00:00
654,-73.56662470847368,45.511834882199764,30.200000762939453,2019-05-31 12:58:37+00:00
655,-73.56664541177452,45.511770928278565,30.200000762939453,2019-05-31 12:58:38+00:00
656,-73.56666452251375,45.51170965656638,30.0,2019-05-31 12:58:39+00:00
657,-73.56668547727168,45.511650228872895,30.0,2019-05-31 12:58:40+00:00
658,-73.56670123524964,45.51159390248358,30.0,2019-05-31 12:58:41+00:00
659,-73.56670911423862,45.511543275788426,30.0,2019-05-31 12:58:42+00:00
660,-73.56670903041959,45.51149658858776,30.0,2019-05-31 12:58:43+00:00
661,-73.566715400666,45.511453840881586,30.0,2019-05-31 12:58:44+00:00
662,-73.5667341761291,45.511421067640185,30.200000762939453,2019-05-31 12:58:45+00:00
663,-73.5667460784316,45.511396089568734,30.200000762939453,2019-05-31 12:58:46+00:00
664,-73.56674884445965,45.51138309761882,30.200000762939453,2019-05-31 12:58:47+00:00
665,-73.56683283112943,45.51113834604621,30.399999618530273,2019-05-31 12:59:19+00:00
666,-73.5668692085892,45.511095179244876,30.600000381469727,2019-05-31 12:59:20+00:00
667,-73.56690684333444,45.5110542755574,30.799999237060547,2019-05-31 12:59:21+00:00
668,-73.56693710200489,45.51098579540849,30.799999237060547,2019-05-31 12:59:22+00:00
669,-73.56696316972375,45.51091320812702,31.0,2019-05-31 12:59:23+00:00
670,-73.56700072064996,45.510841961950064,31.0,2019-05-31 12:59:24+00:00
671,-73.56703433208168,45.51077423617244,31.200000762939453,2019-05-31 12:59:25+00:00
672,-73.56707129627466,45.510705672204494,31.399999618530273,2019-05-31 12:59:26+00:00
673,-73.56710817664862,45.51064255647361,31.399999618530273,2019-05-31 12:59:27+00:00
674,-73.5671295505017,45.51057742908597,31.600000381469727,2019-05-31 12:59:28+00:00
675,-73.5671332385391,45.51051305606961,31.600000381469727,2019-05-31 12:59:29+00:00
676,-73.56714430265129,45.51044407300651,31.600000381469727,2019-05-31 12:59:30+00:00
677,-73.56716483831406,45.51037810742855,31.600000381469727,2019-05-31 12:59:31+00:00
678,-73.5671887267381,45.51031105220318,31.799999237060547,2019-05-31 12:59:32+00:00
679,-73.56722175143659,45.5102389678359,31.799999237060547,2019-05-31 12:59:33+00:00
680,-73.56725821271539,45.510169649496675,32.0,2019-05-31 12:59:34+00:00
681,-73.56729819439352,45.51009907387197,32.20000076293945,2019-05-31 12:59:35+00:00
682,-73.5673385951668,45.51002874970436,32.20000076293945,2019-05-31 12:59:36+00:00
683,-73.56737396679819,45.50995985046029,32.400001525878906,2019-05-31 12:59:37+00:00
684,-73.56742568314075,45.50990117713809,32.599998474121094,2019-05-31 12:59:38+00:00
685,-73.56748402118683,45.50984594039619,32.79999923706055,2019-05-31 12:59:39+00:00
686,-73.56754495762289,45.50979162566364,33.0,2019-05-31 12:59:40+00:00
687,-73.56760304421186,45.50973261706531,33.20000076293945,2019-05-31 12:59:41+00:00
688,-73.56766196899116,45.50967159681022,33.400001525878906,2019-05-31 12:59:42+00:00
689,-73.56771988794208,45.509609654545784,33.599998474121094,2019-05-31 12:59:43+00:00
690,-73.56777772307396,45.509548131376505,33.79999923706055,2019-05-31 12:59:44+00:00
691,-73.56783262453973,45.50948493182659,34.0,2019-05-31 12:59:45+00:00
692,-73.56788400560617,45.5094239115715,34.20000076293945,2019-05-31 12:59:46+00:00
693,-73.56793077662587,45.50935920327902,34.400001525878906,2019-05-31 12:59:47+00:00
694,-73.56798073276877,45.50929868593812,34.599998474121094,2019-05-31 12:59:48+00:00
695,-73.56803035363555,45.50923967733979,34.79999923706055,2019-05-31 12:59:49+00:00
696,-73.56807000003755,45.509185111150146,35.0,2019-05-31 12:59:50+00:00
697,-73.56810905970633,45.50912727601826,35.20000076293945,2019-05-31 12:59:51+00:00
698,-73.56815675273538,45.509070195257664,35.400001525878906,2019-05-31 12:59:52+00:00
699,-73.5682038590312,45.50901328213513,35.599998474121094,2019-05-31 12:59:53+00:00
700,-73.56825331225991,45.50895527936518,35.79999923706055,2019-05-31 12:59:54+00:00
701,-73.56830695644021,45.50889518111944,36.0,2019-05-31 12:59:55+00:00
702,-73.5683679766953,45.50883751362562,36.20000076293945,2019-05-31 12:59:56+00:00
703,-73.5684303380549,45.50878311507404,36.400001525878906,2019-05-31 12:59:57+00:00
704,-73.56849295087159,45.50873005762696,36.599998474121094,2019-05-31 12:59:58+00:00
705,-73.56854919344187,45.50867750309408,36.79999923706055,2019-05-31 12:59:59+00:00
706,-73.56859940104187,45.50862352363765,37.0,2019-05-31 13:00:00+00:00
707,-73.56864960864186,45.50856954418123,37.20000076293945,2019-05-31 13:00:01+00:00
708,-73.56869369745255,45.50851095467806,37.599998474121094,2019-05-31 13:00:02+00:00
709,-73.56875455006957,45.50845840014517,38.0,2019-05-31 13:00:03+00:00
710,-73.56879805214703,45.50840249285102,38.400001525878906,2019-05-31 13:00:04+00:00
711,-73.56883677653968,45.508345160633326,38.599998474121094,2019-05-31 13:00:05+00:00
712,-73.56887768022716,45.5082893371582,38.79999923706055,2019-05-31 13:00:06+00:00
713,-73.56891615316272,45.508237704634666,39.0,2019-05-31 13:00:07+00:00
714,-73.56895546428859,45.50818749703467,39.20000076293945,2019-05-31 13:00:08+00:00
715,-73.56899335049093,45.508138379082084,39.20000076293945,2019-05-31 13:00:09+00:00
716,-73.56903626583517,45.50809093751013,39.400001525878906,2019-05-31 13:00:10+00:00
717,-73.5690762475133,45.508042741566896,39.599998474121094,2019-05-31 13:00:11+00:00
718,-73.56911715120077,45.50799689255655,39.599998474121094,2019-05-31 13:00:12+00:00
719,-73.56915562413633,45.50795003771782,39.79999923706055,2019-05-31 13:00:13+00:00
720,-73.5691949352622,45.50790552981198,40.0,2019-05-31 13:00:14+00:00
721,-73.56923692859709,45.50786789506674,40.20000076293945,2019-05-31 13:00:15+00:00
722,-73.56927959248424,45.50784417428076,40.20000076293945,2019-05-31 13:00:16+00:00
723,-73.56932351365685,45.507835960015655,40.400001525878906,2019-05-31 13:00:17+00:00
724,-73.56935578398407,45.50782732665539,40.599998474121094,2019-05-31 13:00:18+00:00
725,-73.56938729993999,45.5078043602407,40.599998474121094,2019-05-31 13:00:19+00:00
726,-73.56942258775234,45.507768988609314,40.79999923706055,2019-05-31 13:00:20+00:00
727,-73.56945385225117,45.507722636684775,40.79999923706055,2019-05-31 13:00:21+00:00
728,-73.56947790831327,45.507667735219,41.0,2019-05-31 13:00:22+00:00
729,-73.56951453723013,45.507617024704814,41.20000076293945,2019-05-31 13:00:23+00:00
730,-73.5695543512702,45.5075675714761,41.20000076293945,2019-05-31 13:00:24+00:00
731,-73.56959089636803,45.507520381361246,41.400001525878906,2019-05-31 13:00:25+00:00
732,-73.5696288663894,45.50747411325574,41.599998474121094,2019-05-31 13:00:26+00:00
733,-73.56966993771493,45.50742440856993,41.599998474121094,2019-05-31 13:00:27+00:00
734,-73.56971696019173,45.5073725245893,41.79999923706055,2019-05-31 13:00:28+00:00
735,-73.56976037845016,45.507315527647734,42.0,2019-05-31 13:00:29+00:00
736,-73.56980916112661,45.5072604585439,42.20000076293945,2019-05-31 13:00:30+00:00
737,-73.56984746642411,45.50719960592687,42.400001525878906,2019-05-31 13:00:31+00:00
738,-73.56988409534097,45.50713615491986,42.400001525878906,2019-05-31 13:00:32+00:00
739,-73.56992608867586,45.507076140493155,42.599998474121094,2019-05-31 13:00:33+00:00
740,-73.56997822411358,45.50701662898064,42.79999923706055,2019-05-31 13:00:34+00:00
741,-73.5700271744281,45.50695778802037,43.0,2019-05-31 13:00:35+00:00
742,-73.57007486745715,45.5068994499743,43.20000076293945,2019-05-31 13:00:36+00:00
743,-73.5701294336468,45.506841111928225,43.400001525878906,2019-05-31 13:00:37+00:00
744,-73.57018425129354,45.506789395585656,43.599998474121094,2019-05-31 13:00:38+00:00
745,-73.5702433437109,45.506733153015375,43.79999923706055,2019-05-31 13:00:39+00:00
746,-73.5703091416508,45.50667732954025,44.0,2019-05-31 13:00:40+00:00
747,-73.57037401758134,45.50661555491388,44.20000076293945,2019-05-31 13:00:41+00:00
748,-73.57045993208885,45.50656786188483,44.599998474121094,2019-05-31 13:00:42+00:00
749,-73.57052765786648,45.50650516524911,44.79999923706055,2019-05-31 13:00:43+00:00
750,-73.57059421017766,45.506447833031416,45.0,2019-05-31 13:00:44+00:00
751,-73.57066369615495,45.50638161599636,45.0,2019-05-31 13:00:45+00:00
752,-73.57073628343642,45.506327804178,45.20000076293945,2019-05-31 13:00:46+00:00
753,-73.57082605361938,45.506255803629756,45.400001525878906,2019-05-31 13:00:47+00:00
754,-73.57089419849217,45.50616620108485,45.79999923706055,2019-05-31 13:00:48+00:00
755,-73.57098338194191,45.50609881058335,46.0,2019-05-31 13:00:49+00:00
756,-73.57106560841203,45.50604499876499,46.20000076293945,2019-05-31 13:00:50+00:00
757,-73.57114171609282,45.50597911700606,46.400001525878906,2019-05-31 13:00:51+00:00
758,-73.57121899724007,45.50591507926583,46.79999923706055,2019-05-31 13:00:52+00:00
759,-73.57131907716393,45.50589286722243,46.79999923706055,2019-05-31 13:00:53+00:00
760,-73.57140826061368,45.50583721138537,47.0,2019-05-31 13:00:54+00:00
761,-73.57145855203271,45.505748027935624,47.20000076293945,2019-05-31 13:00:55+00:00
762,-73.5715420357883,45.505686001852155,47.400001525878906,2019-05-31 13:00:56+00:00
763,-73.57162166386843,45.505626825615764,47.599998474121094,2019-05-31 13:00:57+00:00
764,-73.57169710099697,45.50556312315166,48.0,2019-05-31 13:00:58+00:00
765,-73.57176918536425,45.50549774430692,48.20000076293945,2019-05-31 13:00:59+00:00
766,-73.57188678346574,45.50539992749691,48.599998474121094,2019-05-31 13:01:00+00:00
767,-73.57199197635055,45.50530915148556,49.0,2019-05-31 13:01:01+00:00
768,-73.57205534353852,45.505248215049505,49.20000076293945,2019-05-31 13:01:02+00:00
769,-73.57211669906974,45.50518778152764,49.400001525878906,2019-05-31 13:01:03+00:00
770,-73.5721805691719,45.50513908267021,49.79999923706055,2019-05-31 13:01:04+00:00
771,-73.57224234379828,45.50508904270828,50.0,2019-05-31 13:01:05+00:00
772,-73.57229372486472,45.5050359852612,50.20000076293945,2019-05-31 13:01:06+00:00
773,-73.5723380651325,45.50498594529927,50.20000076293945,2019-05-31 13:01:07+00:00
774,-73.57232834212482,45.50496054813266,50.20000076293945,2019-05-31 13:01:08+00:00
775,-73.5723520629108,45.504906149581075,50.400001525878906,2019-05-31 13:01:09+00:00
776,-73.57238793745637,45.504857283085585,50.400001525878906,2019-05-31 13:01:10+00:00
777,-73.57242364436388,45.50480833277106,50.599998474121094,2019-05-31 13:01:11+00:00
778,-73.57245683670044,45.504763908684254,50.599998474121094,2019-05-31 13:01:12+00:00
779,-73.5726351197809,45.50464974716306,51.0,2019-05-31 13:01:42+00:00
780,-73.57265490107238,45.50464882515371,51.0,2019-05-31 13:01:43+00:00
781,-73.57267736457288,45.50464455038309,51.0,2019-05-31 13:01:44+00:00
782,-73.57270988635719,45.504638850688934,51.0,2019-05-31 13:01:45+00:00
783,-73.5727527178824,45.50463851541281,51.0,2019-05-31 13:01:46+00:00
784,-73.57278624549508,45.5046458914876,51.0,2019-05-31 13:01:47+00:00
785,-73.57283050194383,45.5046562012285,51.0,2019-05-31 13:01:48+00:00
786,-73.57287232764065,45.504667181521654,51.20000076293945,2019-05-31 13:01:49+00:00
787,-73.57293284498155,45.50467916764319,51.400001525878906,2019-05-31 13:01:50+00:00
788,-73.57300358824432,45.5047064088285,51.599998474121094,2019-05-31 13:01:51+00:00
789,-73.57306779362261,45.50473633222282,51.79999923706055,2019-05-31 13:01:52+00:00
790,-73.57312898151577,45.50476416014135,52.0,2019-05-31 13:01:53+00:00
791,-73.57318472117186,45.50479291006923,52.0,2019-05-31 13:01:54+00:00
792,-73.573227385059,45.50482367165387,52.0,2019-05-31 13:01:55+00:00
793,-73.57326493598521,45.50485250540078,52.0,2019-05-31 13:01:56+00:00
794,-73.57328890822828,45.504902293905616,52.0,2019-05-31 13:01:57+00:00
795,-73.57332277111709,45.504922829568386,52.0,2019-05-31 13:01:58+00:00
796,-73.57334984466434,45.5049445386976,52.0,2019-05-31 13:01:59+00:00
797,-73.57337364926934,45.50495317205787,52.0,2019-05-31 13:02:00+00:00
798,-73.57338915579021,45.504953507333994,52.0,2019-05-31 13:02:01+00:00
799,-73.57377455569804,45.505056604743004,53.400001525878906,2019-05-31 13:03:19+00:00
800,-73.57378779910505,45.50507739186287,53.400001525878906,2019-05-31 13:03:20+00:00
801,-73.57379014603794,45.505111338570714,53.400001525878906,2019-05-31 13:03:21+00:00
802,-73.57380481436849,45.5051501467824,53.599998474121094,2019-05-31 13:03:22+00:00
803,-73.57382711023092,45.50519180484116,53.599998474121094,2019-05-31 13:03:23+00:00
804,-73.57386793009937,45.50523463636637,53.79999923706055,2019-05-31 13:03:24+00:00
805,-73.57394403778017,45.50526305101812,54.0,2019-05-31 13:03:25+00:00
806,-73.57406347990036,45.50528911873698,54.0,2019-05-31 13:03:26+00:00
807,-73.57415576465428,45.50532381981611,53.79999923706055,2019-05-31 13:03:27+00:00
808,-73.57424670830369,45.50536128692329,54.20000076293945,2019-05-31 13:03:28+00:00
809,-73.57434896752238,45.50538567826152,54.599998474121094,2019-05-31 13:03:29+00:00
810,-73.5744327865541,45.50541543401778,54.79999923706055,2019-05-31 13:03:30+00:00
811,-73.57449447736144,45.50544586032629,55.0,2019-05-31 13:03:31+00:00
812,-73.57454543933272,45.50547746010125,55.20000076293945,2019-05-31 13:03:32+00:00
813,-73.57460645958781,45.505507718771696,55.400001525878906,2019-05-31 13:03:33+00:00
814,-73.57468248344958,45.505538396537304,55.79999923706055,2019-05-31 13:03:34+00:00
815,-73.57475850731134,45.50557175651193,56.0,2019-05-31 13:03:35+00:00
816,-73.57483805157244,45.50560570321977,55.79999923706055,2019-05-31 13:03:36+00:00
817,-73.5749212000519,45.50563788972795,55.79999923706055,2019-05-31 13:03:37+00:00
818,-73.57500795274973,45.50567057915032,55.79999923706055,2019-05-31 13:03:38+00:00
819,-73.57509814202785,45.50570201128721,56.20000076293945,2019-05-31 13:03:39+00:00
820,-73.57518422417343,45.50573805347085,56.599998474121094,2019-05-31 13:03:40+00:00
821,-73.57526946812868,45.50577996298671,56.79999923706055,2019-05-31 13:03:41+00:00
822,-73.57534792274237,45.50582589581609,57.20000076293945,2019-05-31 13:03:42+00:00
823,-73.57543207705021,45.50586797297001,57.400001525878906,2019-05-31 13:03:43+00:00
824,-73.57551086694002,45.50590921193361,57.599998474121094,2019-05-31 13:03:44+00:00
825,-73.57559527270496,45.50594860687852,58.0,2019-05-31 13:03:45+00:00
826,-73.57567314058542,45.50598515197635,58.20000076293945,2019-05-31 13:03:46+00:00
827,-73.57575176283717,45.506023708730936,58.400001525878906,2019-05-31 13:03:47+00:00
828,-73.57582300901413,45.50606478005648,58.20000076293945,2019-05-31 13:03:48+00:00
829,-73.57589366845787,45.50611071288586,58.0,2019-05-31 13:03:49+00:00
830,-73.57596156187356,45.506159495562315,58.400001525878906,2019-05-31 13:03:50+00:00
831,-73.57602962292731,45.506209870800376,58.599998474121094,2019-05-31 13:03:51+00:00
832,-73.57610397040844,45.50624733790755,58.79999923706055,2019-05-31 13:03:52+00:00
833,-73.57618879526854,45.50627122633159,59.20000076293945,2019-05-31 13:03:53+00:00
834,-73.5762648191303,45.50630542449653,59.400001525878906,2019-05-31 13:03:54+00:00
835,-73.57633279636502,45.50633274950087,59.599998474121094,2019-05-31 13:03:55+00:00
836,-73.57640068978071,45.50634456798434,59.79999923706055,2019-05-31 13:03:56+00:00
837,-73.57645022682846,45.5063484236598,60.0,2019-05-31 13:03:57+00:00
